projectId,projectName,gmailAccount,clientId,clientSecret,apiKey
proj-001,Gmail1-ProjectA,user1@gmail.com,xxx.apps.googleusercontent.com,GOCSPX-xxx,AIzaSy-xxx
proj-002,Gmail1-ProjectB,user1@gmail.com,yyy.apps.googleusercontent.com,GOCSPX-yyy,AIzaSy-yyy
proj-003,Gmail1-ProjectC,user1@gmail.com,zzz.apps.googleusercontent.com,GOCSPX-zzz,AIzaSy-zzz
proj-004,Gmail1-ProjectD,user1@gmail.com,www.apps.googleusercontent.com,GOCSPX-www,AIzaSy-www
proj-005,Gmail1-ProjectE,user1@gmail.com,vvv.apps.googleusercontent.com,GOCSPX-vvv,AIzaSy-vvv
proj-006,Gmail1-ProjectF,user1@gmail.com,uuu.apps.googleusercontent.com,GOCSPX-uuu,AIzaSy-uuu
proj-007,Gmail1-ProjectG,user1@gmail.com,ttt.apps.googleusercontent.com,GOCSPX-ttt,AIzaSy-ttt
proj-008,Gmail1-ProjectH,user1@gmail.com,sss.apps.googleusercontent.com,GOCSPX-sss,AIzaSy-sss
proj-009,Gmail1-ProjectI,user1@gmail.com,rrr.apps.googleusercontent.com,GOCSPX-rrr,AIzaSy-rrr
proj-010,Gmail1-ProjectJ,user1@gmail.com,qqq.apps.googleusercontent.com,GOCSPX-qqq,AIzaSy-qqq
proj-011,Gmail2-ProjectA,user2@gmail.com,aaa.apps.googleusercontent.com,GOCSPX-aaa,AIzaSy-aaa
proj-012,Gmail2-ProjectB,user2@gmail.com,bbb.apps.googleusercontent.com,GOCSPX-bbb,AIzaSy-bbb
proj-013,Gmail2-ProjectC,user2@gmail.com,ccc.apps.googleusercontent.com,GOCSPX-ccc,AIzaSy-ccc
proj-014,Gmail2-ProjectD,user2@gmail.com,ddd.apps.googleusercontent.com,GOCSPX-ddd,AIzaSy-ddd
proj-015,Gmail2-ProjectE,user2@gmail.com,eee.apps.googleusercontent.com,GOCSPX-eee,AIzaSy-eee
proj-016,Gmail2-ProjectF,user2@gmail.com,fff.apps.googleusercontent.com,GOCSPX-fff,AIzaSy-fff
proj-017,Gmail2-ProjectG,user2@gmail.com,ggg.apps.googleusercontent.com,GOCSPX-ggg,AIzaSy-ggg
proj-018,Gmail2-ProjectH,user2@gmail.com,hhh.apps.googleusercontent.com,GOCSPX-hhh,AIzaSy-hhh
proj-019,Gmail2-ProjectI,user2@gmail.com,iii.apps.googleusercontent.com,GOCSPX-iii,AIzaSy-iii
proj-020,Gmail2-ProjectJ,user2@gmail.com,jjj.apps.googleusercontent.com,GOCSPX-jjj,AIzaSy-jjj
proj-021,Gmail3-ProjectA,user3@gmail.com,kkk.apps.googleusercontent.com,GOCSPX-kkk,AIzaSy-kkk
proj-022,Gmail3-ProjectB,user3@gmail.com,lll.apps.googleusercontent.com,GOCSPX-lll,AIzaSy-lll
proj-023,Gmail3-ProjectC,user3@gmail.com,mmm.apps.googleusercontent.com,GOCSPX-mmm,AIzaSy-mmm
proj-024,Gmail3-ProjectD,user3@gmail.com,nnn.apps.googleusercontent.com,GOCSPX-nnn,AIzaSy-nnn
proj-025,Gmail3-ProjectE,user3@gmail.com,ooo.apps.googleusercontent.com,GOCSPX-ooo,AIzaSy-ooo
proj-026,Gmail3-ProjectF,user3@gmail.com,ppp.apps.googleusercontent.com,GOCSPX-ppp,AIzaSy-ppp
proj-027,Gmail3-ProjectG,user3@gmail.com,qqq.apps.googleusercontent.com,GOCSPX-qqq,AIzaSy-qqq
proj-028,Gmail3-ProjectH,user3@gmail.com,rrr.apps.googleusercontent.com,GOCSPX-rrr,AIzaSy-rrr
proj-029,Gmail3-ProjectI,user3@gmail.com,sss.apps.googleusercontent.com,GOCSPX-sss,AIzaSy-sss
proj-030,Gmail3-ProjectJ,user3@gmail.com,ttt.apps.googleusercontent.com,GOCSPX-ttt,AIzaSy-ttt
proj-031,Gmail4-ProjectA,user4@gmail.com,uuu.apps.googleusercontent.com,GOCSPX-uuu,AIzaSy-uuu
proj-032,Gmail4-ProjectB,user4@gmail.com,vvv.apps.googleusercontent.com,GOCSPX-vvv,AIzaSy-vvv
proj-033,Gmail4-ProjectC,user4@gmail.com,www.apps.googleusercontent.com,GOCSPX-www,AIzaSy-www
proj-034,Gmail4-ProjectD,user4@gmail.com,xxx.apps.googleusercontent.com,GOCSPX-xxx,AIzaSy-xxx
proj-035,Gmail4-ProjectE,user4@gmail.com,yyy.apps.googleusercontent.com,GOCSPX-yyy,AIzaSy-yyy
proj-036,Gmail4-ProjectF,user4@gmail.com,zzz.apps.googleusercontent.com,GOCSPX-zzz,AIzaSy-zzz
proj-037,Gmail4-ProjectG,user4@gmail.com,aaa.apps.googleusercontent.com,GOCSPX-aaa,AIzaSy-aaa
proj-038,Gmail4-ProjectH,user4@gmail.com,bbb.apps.googleusercontent.com,GOCSPX-bbb,AIzaSy-bbb
proj-039,Gmail4-ProjectI,user4@gmail.com,ccc.apps.googleusercontent.com,GOCSPX-ccc,AIzaSy-ccc
proj-040,Gmail4-ProjectJ,user4@gmail.com,ddd.apps.googleusercontent.com,GOCSPX-ddd,AIzaSy-ddd
proj-041,Gmail5-ProjectA,user5@gmail.com,eee.apps.googleusercontent.com,GOCSPX-eee,AIzaSy-eee
proj-042,Gmail5-ProjectB,user5@gmail.com,fff.apps.googleusercontent.com,GOCSPX-fff,AIzaSy-fff
proj-043,Gmail5-ProjectC,user5@gmail.com,ggg.apps.googleusercontent.com,GOCSPX-ggg,AIzaSy-ggg
proj-044,Gmail5-ProjectD,user5@gmail.com,hhh.apps.googleusercontent.com,GOCSPX-hhh,AIzaSy-hhh
proj-045,Gmail5-ProjectE,user5@gmail.com,iii.apps.googleusercontent.com,GOCSPX-iii,AIzaSy-iii
proj-046,Gmail5-ProjectF,user5@gmail.com,jjj.apps.googleusercontent.com,GOCSPX-jjj,AIzaSy-jjj
proj-047,Gmail5-ProjectG,user5@gmail.com,kkk.apps.googleusercontent.com,GOCSPX-kkk,AIzaSy-kkk
proj-048,Gmail5-ProjectH,user5@gmail.com,lll.apps.googleusercontent.com,GOCSPX-lll,AIzaSy-lll
proj-049,Gmail5-ProjectI,user5@gmail.com,mmm.apps.googleusercontent.com,GOCSPX-mmm,AIzaSy-mmm
proj-050,Gmail5-ProjectJ,user5@gmail.com,nnn.apps.googleusercontent.com,GOCSPX-nnn,AIzaSy-nnn
proj-051,Gmail6-ProjectA,user6@gmail.com,ooo.apps.googleusercontent.com,GOCSPX-ooo,AIzaSy-ooo
proj-052,Gmail6-ProjectB,user6@gmail.com,ppp.apps.googleusercontent.com,GOCSPX-ppp,AIzaSy-ppp
proj-053,Gmail6-ProjectC,user6@gmail.com,qqq.apps.googleusercontent.com,GOCSPX-qqq,AIzaSy-qqq
proj-054,Gmail6-ProjectD,user6@gmail.com,rrr.apps.googleusercontent.com,GOCSPX-rrr,AIzaSy-rrr
proj-055,Gmail6-ProjectE,user6@gmail.com,sss.apps.googleusercontent.com,GOCSPX-sss,AIzaSy-sss
proj-056,Gmail6-ProjectF,user6@gmail.com,ttt.apps.googleusercontent.com,GOCSPX-ttt,AIzaSy-ttt
proj-057,Gmail6-ProjectG,user6@gmail.com,uuu.apps.googleusercontent.com,GOCSPX-uuu,AIzaSy-uuu
proj-058,Gmail6-ProjectH,user6@gmail.com,vvv.apps.googleusercontent.com,GOCSPX-vvv,AIzaSy-vvv
proj-059,Gmail6-ProjectI,user6@gmail.com,www.apps.googleusercontent.com,GOCSPX-www,AIzaSy-www
proj-060,Gmail6-ProjectJ,user6@gmail.com,xxx.apps.googleusercontent.com,GOCSPX-xxx,AIzaSy-xxx
proj-061,Gmail7-ProjectA,user7@gmail.com,yyy.apps.googleusercontent.com,GOCSPX-yyy,AIzaSy-yyy
proj-062,Gmail7-ProjectB,user7@gmail.com,zzz.apps.googleusercontent.com,GOCSPX-zzz,AIzaSy-zzz
proj-063,Gmail7-ProjectC,user7@gmail.com,aaa.apps.googleusercontent.com,GOCSPX-aaa,AIzaSy-aaa
proj-064,Gmail7-ProjectD,user7@gmail.com,bbb.apps.googleusercontent.com,GOCSPX-bbb,AIzaSy-bbb
proj-065,Gmail7-ProjectE,user7@gmail.com,ccc.apps.googleusercontent.com,GOCSPX-ccc,AIzaSy-ccc
proj-066,Gmail7-ProjectF,user7@gmail.com,ddd.apps.googleusercontent.com,GOCSPX-ddd,AIzaSy-ddd
proj-067,Gmail7-ProjectG,user7@gmail.com,eee.apps.googleusercontent.com,GOCSPX-eee,AIzaSy-eee
proj-068,Gmail7-ProjectH,user7@gmail.com,fff.apps.googleusercontent.com,GOCSPX-fff,AIzaSy-fff
proj-069,Gmail7-ProjectI,user7@gmail.com,ggg.apps.googleusercontent.com,GOCSPX-ggg,AIzaSy-ggg
proj-070,Gmail7-ProjectJ,user7@gmail.com,hhh.apps.googleusercontent.com,GOCSPX-hhh,AIzaSy-hhh
proj-071,Gmail8-ProjectA,user8@gmail.com,iii.apps.googleusercontent.com,GOCSPX-iii,AIzaSy-iii
proj-072,Gmail8-ProjectB,user8@gmail.com,jjj.apps.googleusercontent.com,GOCSPX-jjj,AIzaSy-jjj
proj-073,Gmail8-ProjectC,user8@gmail.com,kkk.apps.googleusercontent.com,GOCSPX-kkk,AIzaSy-kkk
proj-074,Gmail8-ProjectD,user8@gmail.com,lll.apps.googleusercontent.com,GOCSPX-lll,AIzaSy-lll
proj-075,Gmail8-ProjectE,user8@gmail.com,mmm.apps.googleusercontent.com,GOCSPX-mmm,AIzaSy-mmm
proj-076,Gmail8-ProjectF,user8@gmail.com,nnn.apps.googleusercontent.com,GOCSPX-nnn,AIzaSy-nnn
proj-077,Gmail8-ProjectG,user8@gmail.com,ooo.apps.googleusercontent.com,GOCSPX-ooo,AIzaSy-ooo
proj-078,Gmail8-ProjectH,user8@gmail.com,ppp.apps.googleusercontent.com,GOCSPX-ppp,AIzaSy-ppp
proj-079,Gmail8-ProjectI,user8@gmail.com,qqq.apps.googleusercontent.com,GOCSPX-qqq,AIzaSy-qqq
proj-080,Gmail8-ProjectJ,user8@gmail.com,rrr.apps.googleusercontent.com,GOCSPX-rrr,AIzaSy-rrr
proj-081,Gmail9-ProjectA,user9@gmail.com,sss.apps.googleusercontent.com,GOCSPX-sss,AIzaSy-sss
proj-082,Gmail9-ProjectB,user9@gmail.com,ttt.apps.googleusercontent.com,GOCSPX-ttt,AIzaSy-ttt
proj-083,Gmail9-ProjectC,user9@gmail.com,uuu.apps.googleusercontent.com,GOCSPX-uuu,AIzaSy-uuu
proj-084,Gmail9-ProjectD,user9@gmail.com,vvv.apps.googleusercontent.com,GOCSPX-vvv,AIzaSy-vvv
proj-085,Gmail9-ProjectE,user9@gmail.com,www.apps.googleusercontent.com,GOCSPX-www,AIzaSy-www
proj-086,Gmail9-ProjectF,user9@gmail.com,xxx.apps.googleusercontent.com,GOCSPX-xxx,AIzaSy-xxx
proj-087,Gmail9-ProjectG,user9@gmail.com,yyy.apps.googleusercontent.com,GOCSPX-yyy,AIzaSy-yyy
proj-088,Gmail9-ProjectH,user9@gmail.com,zzz.apps.googleusercontent.com,GOCSPX-zzz,AIzaSy-zzz
proj-089,Gmail9-ProjectI,user9@gmail.com,aaa.apps.googleusercontent.com,GOCSPX-aaa,AIzaSy-aaa
proj-090,Gmail9-ProjectJ,user9@gmail.com,bbb.apps.googleusercontent.com,GOCSPX-bbb,AIzaSy-bbb
proj-091,Gmail10-ProjectA,user10@gmail.com,ccc.apps.googleusercontent.com,GOCSPX-ccc,AIzaSy-ccc
proj-092,Gmail10-ProjectB,user10@gmail.com,ddd.apps.googleusercontent.com,GOCSPX-ddd,AIzaSy-ddd
proj-093,Gmail10-ProjectC,user10@gmail.com,eee.apps.googleusercontent.com,GOCSPX-eee,AIzaSy-eee
proj-094,Gmail10-ProjectD,user10@gmail.com,fff.apps.googleusercontent.com,GOCSPX-fff,AIzaSy-fff
proj-095,Gmail10-ProjectE,user10@gmail.com,ggg.apps.googleusercontent.com,GOCSPX-ggg,AIzaSy-ggg
proj-096,Gmail10-ProjectF,user10@gmail.com,hhh.apps.googleusercontent.com,GOCSPX-hhh,AIzaSy-hhh
proj-097,Gmail10-ProjectG,user10@gmail.com,iii.apps.googleusercontent.com,GOCSPX-iii,AIzaSy-iii
proj-098,Gmail10-ProjectH,user10@gmail.com,jjj.apps.googleusercontent.com,GOCSPX-jjj,AIzaSy-jjj
proj-099,Gmail10-ProjectI,user10@gmail.com,kkk.apps.googleusercontent.com,GOCSPX-kkk,AIzaSy-kkk
proj-100,Gmail10-ProjectJ,user10@gmail.com,lll.apps.googleusercontent.com,GOCSPX-lll,AIzaSy-lll
proj-101,Gmail11-ProjectA,user11@gmail.com,mmm.apps.googleusercontent.com,GOCSPX-mmm,AIzaSy-mmm
proj-102,Gmail11-ProjectB,user11@gmail.com,nnn.apps.googleusercontent.com,GOCSPX-nnn,AIzaSy-nnn
proj-103,Gmail11-ProjectC,user11@gmail.com,ooo.apps.googleusercontent.com,GOCSPX-ooo,AIzaSy-ooo
proj-104,Gmail11-ProjectD,user11@gmail.com,ppp.apps.googleusercontent.com,GOCSPX-ppp,AIzaSy-ppp
proj-105,Gmail11-ProjectE,user11@gmail.com,qqq.apps.googleusercontent.com,GOCSPX-qqq,AIzaSy-qqq
proj-106,Gmail11-ProjectF,user11@gmail.com,rrr.apps.googleusercontent.com,GOCSPX-rrr,AIzaSy-rrr
proj-107,Gmail11-ProjectG,user11@gmail.com,sss.apps.googleusercontent.com,GOCSPX-sss,AIzaSy-sss
proj-108,Gmail11-ProjectH,user11@gmail.com,ttt.apps.googleusercontent.com,GOCSPX-ttt,AIzaSy-ttt
proj-109,Gmail11-ProjectI,user11@gmail.com,uuu.apps.googleusercontent.com,GOCSPX-uuu,AIzaSy-uuu
proj-110,Gmail11-ProjectJ,user11@gmail.com,vvv.apps.googleusercontent.com,GOCSPX-vvv,AIzaSy-vvv
proj-111,Gmail12-ProjectA,user12@gmail.com,www.apps.googleusercontent.com,GOCSPX-www,AIzaSy-www
proj-112,Gmail12-ProjectB,user12@gmail.com,xxx.apps.googleusercontent.com,GOCSPX-xxx,AIzaSy-xxx
proj-113,Gmail12-ProjectC,user12@gmail.com,yyy.apps.googleusercontent.com,GOCSPX-yyy,AIzaSy-yyy
proj-114,Gmail12-ProjectD,user12@gmail.com,zzz.apps.googleusercontent.com,GOCSPX-zzz,AIzaSy-zzz
proj-115,Gmail12-ProjectE,user12@gmail.com,aaa.apps.googleusercontent.com,GOCSPX-aaa,AIzaSy-aaa
proj-116,Gmail12-ProjectF,user12@gmail.com,bbb.apps.googleusercontent.com,GOCSPX-bbb,AIzaSy-bbb
proj-117,Gmail12-ProjectG,user12@gmail.com,ccc.apps.googleusercontent.com,GOCSPX-ccc,AIzaSy-ccc
proj-118,Gmail12-ProjectH,user12@gmail.com,ddd.apps.googleusercontent.com,GOCSPX-ddd,AIzaSy-ddd
proj-119,Gmail12-ProjectI,user12@gmail.com,eee.apps.googleusercontent.com,GOCSPX-eee,AIzaSy-eee
proj-120,Gmail12-ProjectJ,user12@gmail.com,fff.apps.googleusercontent.com,GOCSPX-fff,AIzaSy-fff
proj-121,Gmail13-ProjectA,user13@gmail.com,ggg.apps.googleusercontent.com,GOCSPX-ggg,AIzaSy-ggg
proj-122,Gmail13-ProjectB,user13@gmail.com,hhh.apps.googleusercontent.com,GOCSPX-hhh,AIzaSy-hhh
proj-123,Gmail13-ProjectC,user13@gmail.com,iii.apps.googleusercontent.com,GOCSPX-iii,AIzaSy-iii
proj-124,Gmail13-ProjectD,user13@gmail.com,jjj.apps.googleusercontent.com,GOCSPX-jjj,AIzaSy-jjj
proj-125,Gmail13-ProjectE,user13@gmail.com,kkk.apps.googleusercontent.com,GOCSPX-kkk,AIzaSy-kkk
proj-126,Gmail13-ProjectF,user13@gmail.com,lll.apps.googleusercontent.com,GOCSPX-lll,AIzaSy-lll
proj-127,Gmail13-ProjectG,user13@gmail.com,mmm.apps.googleusercontent.com,GOCSPX-mmm,AIzaSy-mmm
proj-128,Gmail13-ProjectH,user13@gmail.com,nnn.apps.googleusercontent.com,GOCSPX-nnn,AIzaSy-nnn
proj-129,Gmail13-ProjectI,user13@gmail.com,ooo.apps.googleusercontent.com,GOCSPX-ooo,AIzaSy-ooo
proj-130,Gmail13-ProjectJ,user13@gmail.com,ppp.apps.googleusercontent.com,GOCSPX-ppp,AIzaSy-ppp
proj-131,Gmail14-ProjectA,user14@gmail.com,qqq.apps.googleusercontent.com,GOCSPX-qqq,AIzaSy-qqq
proj-132,Gmail14-ProjectB,user14@gmail.com,rrr.apps.googleusercontent.com,GOCSPX-rrr,AIzaSy-rrr
proj-133,Gmail14-ProjectC,user14@gmail.com,sss.apps.googleusercontent.com,GOCSPX-sss,AIzaSy-sss
proj-134,Gmail14-ProjectD,user14@gmail.com,ttt.apps.googleusercontent.com,GOCSPX-ttt,AIzaSy-ttt
proj-135,Gmail14-ProjectE,user14@gmail.com,uuu.apps.googleusercontent.com,GOCSPX-uuu,AIzaSy-uuu
proj-136,Gmail14-ProjectF,user14@gmail.com,vvv.apps.googleusercontent.com,GOCSPX-vvv,AIzaSy-vvv
proj-137,Gmail14-ProjectG,user14@gmail.com,www.apps.googleusercontent.com,GOCSPX-www,AIzaSy-www
proj-138,Gmail14-ProjectH,user14@gmail.com,xxx.apps.googleusercontent.com,GOCSPX-xxx,AIzaSy-xxx
proj-139,Gmail14-ProjectI,user14@gmail.com,yyy.apps.googleusercontent.com,GOCSPX-yyy,AIzaSy-yyy
proj-140,Gmail14-ProjectJ,user14@gmail.com,zzz.apps.googleusercontent.com,GOCSPX-zzz,AIzaSy-zzz
proj-141,Gmail15-ProjectA,user15@gmail.com,aaa.apps.googleusercontent.com,GOCSPX-aaa,AIzaSy-aaa
proj-142,Gmail15-ProjectB,user15@gmail.com,bbb.apps.googleusercontent.com,GOCSPX-bbb,AIzaSy-bbb
proj-143,Gmail15-ProjectC,user15@gmail.com,ccc.apps.googleusercontent.com,GOCSPX-ccc,AIzaSy-ccc
proj-144,Gmail15-ProjectD,user15@gmail.com,ddd.apps.googleusercontent.com,GOCSPX-ddd,AIzaSy-ddd
proj-145,Gmail15-ProjectE,user15@gmail.com,eee.apps.googleusercontent.com,GOCSPX-eee,AIzaSy-eee
proj-146,Gmail15-ProjectF,user15@gmail.com,fff.apps.googleusercontent.com,GOCSPX-fff,AIzaSy-fff
proj-147,Gmail15-ProjectG,user15@gmail.com,ggg.apps.googleusercontent.com,GOCSPX-ggg,AIzaSy-ggg
proj-148,Gmail15-ProjectH,user15@gmail.com,hhh.apps.googleusercontent.com,GOCSPX-hhh,AIzaSy-hhh
proj-149,Gmail15-ProjectI,user15@gmail.com,iii.apps.googleusercontent.com,GOCSPX-iii,AIzaSy-iii
proj-150,Gmail15-ProjectJ,user15@gmail.com,jjj.apps.googleusercontent.com,GOCSPX-jjj,AIzaSy-jjj
proj-151,Gmail16-ProjectA,user16@gmail.com,kkk.apps.googleusercontent.com,GOCSPX-kkk,AIzaSy-kkk
proj-152,Gmail16-ProjectB,user16@gmail.com,lll.apps.googleusercontent.com,GOCSPX-lll,AIzaSy-lll
proj-153,Gmail16-ProjectC,user16@gmail.com,mmm.apps.googleusercontent.com,GOCSPX-mmm,AIzaSy-mmm
proj-154,Gmail16-ProjectD,user16@gmail.com,nnn.apps.googleusercontent.com,GOCSPX-nnn,AIzaSy-nnn
proj-155,Gmail16-ProjectE,user16@gmail.com,ooo.apps.googleusercontent.com,GOCSPX-ooo,AIzaSy-ooo
proj-156,Gmail16-ProjectF,user16@gmail.com,ppp.apps.googleusercontent.com,GOCSPX-ppp,AIzaSy-ppp
proj-157,Gmail16-ProjectG,user16@gmail.com,qqq.apps.googleusercontent.com,GOCSPX-qqq,AIzaSy-qqq
proj-158,Gmail16-ProjectH,user16@gmail.com,rrr.apps.googleusercontent.com,GOCSPX-rrr,AIzaSy-rrr
proj-159,Gmail16-ProjectI,user16@gmail.com,sss.apps.googleusercontent.com,GOCSPX-sss,AIzaSy-sss
proj-160,Gmail16-ProjectJ,user16@gmail.com,ttt.apps.googleusercontent.com,GOCSPX-ttt,AIzaSy-ttt
proj-161,Gmail17-ProjectA,user17@gmail.com,uuu.apps.googleusercontent.com,GOCSPX-uuu,AIzaSy-uuu
proj-162,Gmail17-ProjectB,user17@gmail.com,vvv.apps.googleusercontent.com,GOCSPX-vvv,AIzaSy-vvv
proj-163,Gmail17-ProjectC,user17@gmail.com,www.apps.googleusercontent.com,GOCSPX-www,AIzaSy-www
proj-164,Gmail17-ProjectD,user17@gmail.com,xxx.apps.googleusercontent.com,GOCSPX-xxx,AIzaSy-xxx
proj-165,Gmail17-ProjectE,user17@gmail.com,yyy.apps.googleusercontent.com,GOCSPX-yyy,AIzaSy-yyy
proj-166,Gmail17-ProjectF,user17@gmail.com,zzz.apps.googleusercontent.com,GOCSPX-zzz,AIzaSy-zzz
proj-167,Gmail17-ProjectG,user17@gmail.com,aaa.apps.googleusercontent.com,GOCSPX-aaa,AIzaSy-aaa
proj-168,Gmail17-ProjectH,user17@gmail.com,bbb.apps.googleusercontent.com,GOCSPX-bbb,AIzaSy-bbb
proj-169,Gmail17-ProjectI,user17@gmail.com,ccc.apps.googleusercontent.com,GOCSPX-ccc,AIzaSy-ccc
proj-170,Gmail17-ProjectJ,user17@gmail.com,ddd.apps.googleusercontent.com,GOCSPX-ddd,AIzaSy-ddd
proj-171,Gmail18-ProjectA,user18@gmail.com,eee.apps.googleusercontent.com,GOCSPX-eee,AIzaSy-eee
proj-172,Gmail18-ProjectB,user18@gmail.com,fff.apps.googleusercontent.com,GOCSPX-fff,AIzaSy-fff
proj-173,Gmail18-ProjectC,user18@gmail.com,ggg.apps.googleusercontent.com,GOCSPX-ggg,AIzaSy-ggg
proj-174,Gmail18-ProjectD,user18@gmail.com,hhh.apps.googleusercontent.com,GOCSPX-hhh,AIzaSy-hhh
proj-175,Gmail18-ProjectE,user18@gmail.com,iii.apps.googleusercontent.com,GOCSPX-iii,AIzaSy-iii
proj-176,Gmail18-ProjectF,user18@gmail.com,jjj.apps.googleusercontent.com,GOCSPX-jjj,AIzaSy-jjj
proj-177,Gmail18-ProjectG,user18@gmail.com,kkk.apps.googleusercontent.com,GOCSPX-kkk,AIzaSy-kkk
proj-178,Gmail18-ProjectH,user18@gmail.com,lll.apps.googleusercontent.com,GOCSPX-lll,AIzaSy-lll
proj-179,Gmail18-ProjectI,user18@gmail.com,mmm.apps.googleusercontent.com,GOCSPX-mmm,AIzaSy-mmm
proj-180,Gmail18-ProjectJ,user18@gmail.com,nnn.apps.googleusercontent.com,GOCSPX-nnn,AIzaSy-nnn
proj-181,Gmail19-ProjectA,user19@gmail.com,ooo.apps.googleusercontent.com,GOCSPX-ooo,AIzaSy-ooo
proj-182,Gmail19-ProjectB,user19@gmail.com,ppp.apps.googleusercontent.com,GOCSPX-ppp,AIzaSy-ppp
proj-183,Gmail19-ProjectC,user19@gmail.com,qqq.apps.googleusercontent.com,GOCSPX-qqq,AIzaSy-qqq
proj-184,Gmail19-ProjectD,user19@gmail.com,rrr.apps.googleusercontent.com,GOCSPX-rrr,AIzaSy-rrr
proj-185,Gmail19-ProjectE,user19@gmail.com,sss.apps.googleusercontent.com,GOCSPX-sss,AIzaSy-sss
proj-186,Gmail19-ProjectF,user19@gmail.com,ttt.apps.googleusercontent.com,GOCSPX-ttt,AIzaSy-ttt
proj-187,Gmail19-ProjectG,user19@gmail.com,uuu.apps.googleusercontent.com,GOCSPX-uuu,AIzaSy-uuu
proj-188,Gmail19-ProjectH,user19@gmail.com,vvv.apps.googleusercontent.com,GOCSPX-vvv,AIzaSy-vvv
proj-189,Gmail19-ProjectI,user19@gmail.com,www.apps.googleusercontent.com,GOCSPX-www,AIzaSy-www
proj-190,Gmail19-ProjectJ,user19@gmail.com,xxx.apps.googleusercontent.com,GOCSPX-xxx,AIzaSy-xxx
proj-191,Gmail20-ProjectA,user20@gmail.com,yyy.apps.googleusercontent.com,GOCSPX-yyy,AIzaSy-yyy
proj-192,Gmail20-ProjectB,user20@gmail.com,zzz.apps.googleusercontent.com,GOCSPX-zzz,AIzaSy-zzz
proj-193,Gmail20-ProjectC,user20@gmail.com,aaa.apps.googleusercontent.com,GOCSPX-aaa,AIzaSy-aaa
proj-194,Gmail20-ProjectD,user20@gmail.com,bbb.apps.googleusercontent.com,GOCSPX-bbb,AIzaSy-bbb
proj-195,Gmail20-ProjectE,user20@gmail.com,ccc.apps.googleusercontent.com,GOCSPX-ccc,AIzaSy-ccc
proj-196,Gmail20-ProjectF,user20@gmail.com,ddd.apps.googleusercontent.com,GOCSPX-ddd,AIzaSy-ddd
proj-197,Gmail20-ProjectG,user20@gmail.com,eee.apps.googleusercontent.com,GOCSPX-eee,AIzaSy-eee
proj-198,Gmail20-ProjectH,user20@gmail.com,fff.apps.googleusercontent.com,GOCSPX-fff,AIzaSy-fff
proj-199,Gmail20-ProjectI,user20@gmail.com,ggg.apps.googleusercontent.com,GOCSPX-ggg,AIzaSy-ggg
proj-200,Gmail20-ProjectJ,user20@gmail.com,hhh.apps.googleusercontent.com,GOCSPX-hhh,AIzaSy-hhh
